Description,Sum of Visitors
HD Camera Packages (Two Panasonic VariCams and a Sony Camcorder with acc.),1337
Large Underground Concrete Utility/Manhole Vault,1175
Kohler Power Systems 400 KW Fast Response Generator w/ 1500 Base Tank,377
"Mat 95 S ""Heavy Metal Object"" Unsure what it is.",320
Lot of 47 Computer PC's,319
Lot of Projectors/Audio Visual Equipment,312
1 Baldwin Piano,308
"Lot of 14 Apple Items (1 Laptop, 2 CPUs, 9 All-In-One Computers, 2 Monitor)",284
1 Remington Rand Citadel Safe - File 60,256
Baldwin Upright Piano,245
